{"U0sV9mPEhfojIAdJ14LU0g==":"backgroundfinal-2533x4352.png","wDCpXG5UijZQFkhyRF2NEg==":"me-1162x1549.jpg","IAiNhgG4P8HEslky+COGbw==":"backgroundfinal-2000x3436.png","kVHqkW4At0+3cp2SnTmv6g==":"background02-2000x1484.png","h2SpjrrO0LYo7dYlVGYwfw==":"background01-2000x1247.png","csSEz1eyY3NsoeGASdUgwA==":"background03-2000x1445.png","oygjOrjsBJQWTiBR8rw+ng==":"background03-2000x1417.png","JtePXzUpjgBtUzZvVxKXUA==":"background04-2000x782.png","1QOjGgULZBmxEd8CpzcoWg==":"background03-2000x1145.png","CroWdCpcNyw84rJpIVVL7A==":"background04-2000x1072.png","W5wnc3Z/e0BermYMDZEwWg==":"background04-2000x709.png","BYjRp2dYK8gfczlklTNhow==":"background03-2000x587.png","bL4p06k51Sn3bz4cbqhKcg==":"fd58edff-f83e-4ed2-a284-954e0b249ab9-436x581.jpg","htxIpo5PZvfe7gUqFMgKJg==":"img-3138-436x775.jpg","ZKRl53StcylsivjxWovlaQ==":"img-3138-436x775.jpeg","XW0vLt42ZIA1Q8XgMRop9w==":"fd58edff-f83e-4ed2-a284-954e0b249ab9-436x581.jpeg","wNfMxmVLzwlBu8n9aZeaNA==":"marius%20smit%20-%20elevator%20pitch.mp4_snapshot_00.00_%5B2020.07.03_15.42.42%5D-1280x720.png"}